,Observed $c_0/c_2$,Computed $c_0/c_2$,Error
0,0.5,0.5023397217298322,0.09996920500890812
1,0.7,0.6985633545570791,0.04595562396889022
2,0.8,0.79948321737913,0.06221526686319537
3,0.9,0.8979503444327488,0.05675925613755517
